schema_version,source,source_id,source_url,crawled_at,category,status,title,region,recruit_period_raw,recruit_start_date,recruit_end_date,is_evergreen,application_method,application_url,result_announcement_date_raw,result_confirmation,organization_name,manager_name,contact,view_count,tags_json,content_text,attachments_json,images_json,detail_accessible
1.0,jaripon,2099,https://jaripon.ncrc.or.kr/home/kor/support/projectMng/edit.do?idx=2099,2026-09-13T13:56:00+09:00,진로,모집예정,2026년 하반기 한국도로공사 신입(인턴)사원 채용,경기 외 (13),2026-09-15 ~ 2026-09-22,2026-09-15,2026-09-22,False,,,,,한국도로공사,,,130,"[""자립준비청년 우대""]",,[],[],False
1.0,jaripon,2102,https://jaripon.ncrc.or.kr/home/kor/support/projectMng/edit.do?idx=2102,2026-09-13T13:56:00+09:00,진로,모집예정,2026년 한국전기안전공사 채용,전국,2026-09-14 ~ 2026-09-22,2026-09-14,2026-09-22,False,,,,,한국전기안전공사,,,42,"[""청년 대상""]",,[],[],False
1.0,jaripon,2094,https://jaripon.ncrc.or.kr/home/kor/support/projectMng/edit.do?idx=2094,2026-09-13T13:56:00+09:00,진로,모집중,2026년 한국인터넷진흥원 체험형 청년인턴 채용안,전남,2026-09-07 ~ 2026-09-21,2026-09-07,2026-09-21,False,,,,,한국인터넷진흥원,,,96,"[""자립준비청년 대상""]",,[],[],False
1.0,jaripon,2084,https://jaripon.ncrc.or.kr/home/kor/support/projectMng/edit.do?idx=2084,2026-09-13T13:56:03+09:00,진로,모집중,2026 서울시 청년인생설계학교 3기 참여자 모집,서울,2026-09-07 ~ 2026-09-28,2026-09-07,2026-09-28,False,,,,,서울특별시,,,89,"[""자립준비청년 우대""]",,[],[],False
1.0,jaripon,2089,https://jaripon.ncrc.or.kr/home/kor/support/projectMng/edit.do?idx=2089,2026-09-13T13:56:03+09:00,진로,모집중,2026년도 하반기 국민연금공단 신입직원 공개채용,전국,2026-09-04 ~ 2026-09-18,2026-09-04,2026-09-18,False,,,,,국민연금공단,,,108,"[""자립준비청년 대상""]",,[],[],False
1.0,jaripon,2095,https://jaripon.ncrc.or.kr/home/kor/support/projectMng/edit.do?idx=2095,2026-09-13T13:56:00+09:00,진로,모집중,한국산림복지진흥원 2026년 정규직 채용,전국,2026-09-03 ~ 2026-09-21,2026-09-03,2026-09-21,False,,,,,한국산림복지진흥원,,,152,"[""자립준비청년 대상""]",,[],[],False
1.0,jaripon,2105,https://jaripon.ncrc.or.kr/home/kor/support/projectMng/edit.do?idx=2105,2026-09-13T13:56:00+09:00,진로,모집중,2026년 제2차 한국마사회 체험형 청년인턴 채용 공고,서울 외 (4),2026-09-02 ~ 2026-09-16,2026-09-02,2026-09-16,False,,,,,한국마사회,,,56,"[""자립준비청년 대상"", ""청년 대상""]",,[],[],False
1.0,jaripon,2078,https://jaripon.ncrc.or.kr/home/kor/support/projectMng/edit.do?idx=2078,2026-09-13T13:56:03+09:00,진로,모집중,"2026년 하반기 [일반직(신입.경력),별정직,연구직]",대구,2026-09-01 ~ 2026-09-15,2026-09-01,2026-09-15,False,,,,,한국가스공사,,,168,"[""청년대상""]",,[],[],False
1.0,jaripon,2075,https://jaripon.ncrc.or.kr/home/kor/support/projectMng/edit.do?idx=2075,2026-09-13T13:56:08+09:00,진로,모집종료,이랜드 인생학교,전국,2026-08-31 ~ 2026-09-05,2026-08-31,2026-09-05,False,,,,,이랜드재단,,,537,"[""자립준비청년 대상""]",,[],[],False
1.0,jaripon,2082,https://jaripon.ncrc.or.kr/home/kor/support/projectMng/edit.do?idx=2082,2026-09-13T13:56:03+09:00,진로,모집종료,2026년도 예금보험공사 신입직원 채용안내,서울,2026-08-28 ~ 2026-09-11,2026-08-28,2026-09-11,False,,,,,예금보험공사,,,102,"[""자립준비청년 우대""]",,[],[],False
1.0,jaripon,2079,https://jaripon.ncrc.or.kr/home/kor/support/projectMng/edit.do?idx=2079,2026-09-13T13:56:03+09:00,진로,모집종료,2026년도 한국환경공단 신입직원 채용(~9/8),전국,2026-08-28 ~ 2026-09-08,2026-08-28,2026-09-08,False,,,,,한국환경공단,,,165,"[""자립준비청년 우대""]",,[],[],False
1.0,jaripon,2064,https://jaripon.ncrc.or.kr/home/kor/support/projectMng/edit.do?idx=2064,2026-09-13T13:56:09+09:00,진로,모집종료,2026년도 한국환경공단 신입직원 채용(~9/8),전국,2026-08-28 ~ 2026-09-08,2026-08-28,2026-09-08,False,,,,,한국환경공단,,,223,"[""자립준비청년 우대""]",,[],[],False
1.0,jaripon,2074,https://jaripon.ncrc.or.kr/home/kor/support/projectMng/edit.do?idx=2074,2026-09-13T13:56:08+09:00,진로,모집중,포니정재단 발돋움장학사업,전국,2026-08-26 ~ 2026-09-14,2026-08-26,2026-09-14,False,,,,,아이들과미래재단,,,902,[],,[],[],False
1.0,jaripon,2069,https://jaripon.ncrc.or.kr/home/kor/support/projectMng/edit.do?idx=2069,2026-09-13T13:56:08+09:00,진로,모집중,2026 위이어 가을땅끝학교 in 원산도,전국,2026-08-26 ~ 2026-09-23,2026-08-26,2026-09-23,False,,,,,위이어사회적협동조합,,,348,[],,[],[],False
1.0,jaripon,2068,https://jaripon.ncrc.or.kr/home/kor/support/projectMng/edit.do?idx=2068,2026-09-13T13:56:08+09:00,진로,모집중,2026 위이어 가을땅끝학교 in 강진,전국,2026-08-26 ~ 2026-09-23,2026-08-26,2026-09-23,False,,,,,위이어사회적협동조합,,,195,[],,[],[],False
1.0,jaripon,2059,https://jaripon.ncrc.or.kr/home/kor/support/projectMng/edit.do?idx=2059,2026-09-13T13:56:09+09:00,진로,모집종료,(2026-3호) 한국국제보건의료재단 직원 채용,서울,2026-08-25 ~ 2026-09-08,2026-08-25,2026-09-08,False,,,,,한국국제보건의료재단,,,212,"[""자립준비청년 우대""]",,[],[],False
1.0,jaripon,2062,https://jaripon.ncrc.or.kr/home/kor/support/projectMng/edit.do?idx=2062,2026-09-13T13:56:09+09:00,진로,모집종료,2026년 한국산업기술시험원(KTL) 정규직 채용,서울 외 (5),2026-08-24 ~ 2026-09-08,2026-08-24,2026-09-08,False,,,,,한국산업기술시험원,,,152,"[""자립준비청년 우대""]",,[],[],False
1.0,jaripon,2092,https://jaripon.ncrc.or.kr/home/kor/support/projectMng/edit.do?idx=2092,2026-09-13T13:56:00+09:00,진로,모집중,「2026년 전문 캐디 양성 및 취업연계 프로그램」,전국,2026-08-20 ~ 2026-09-14,2026-08-20,2026-09-14,False,,,,,서울경제진흥원,,,173,"[""자립준비청년 우대""]",,[],[],False
1.0,jaripon,2052,https://jaripon.ncrc.or.kr/home/kor/support/projectMng/edit.do?idx=2052,2026-09-13T13:56:11+09:00,진로,모집종료,[한국서부발전]2026년도 2차 체험형 인턴 모집 공고,전국,2026-08-20 ~ 2026-09-03,2026-08-20,2026-09-03,False,,,,,(주)매일경제신문사,,,151,"[""체험인턴""]",,[],[],False
1.0,jaripon,2049,https://jaripon.ncrc.or.kr/home/kor/support/projectMng/edit.do?idx=2049,2026-09-13T13:56:11+09:00,진로,모집종료,한국산업단지공단 26년 하반기 신입직원(사회형평) 채용,전국,2026-08-20 ~ 2026-09-03,2026-08-20,2026-09-03,False,,,,,한국산업단지공단,,,318,"[""자립준비청년 대상""]",,[],[],False
1.0,jaripon,2048,https://jaripon.ncrc.or.kr/home/kor/support/projectMng/edit.do?idx=2048,2026-09-13T13:56:11+09:00,진로,모집종료,[서울자립지원전담기관] 영플러스잡스 참여자 모집,서울,2026-08-20 ~ 2026-08-26,2026-08-20,2026-08-26,False,,,,,[서울자립지원전담기관] 영플러스잡스 취업컨설팅,,,144,"[""자립준비청년 대상""]",,[],[],False
1.0,jaripon,2044,https://jaripon.ncrc.or.kr/home/kor/support/projectMng/edit.do?idx=2044,2026-09-13T13:56:11+09:00,진로,모집종료,2026년 청년강사양성과정 참여자 모집,충남,2026-08-18 ~ 2026-09-11,2026-08-18,2026-09-11,False,,,,,충남아동자립지원전담기관,,,157,"[""자립준비청년 대상""]",,[],[],False
1.0,jaripon,2031,https://jaripon.ncrc.or.kr/home/kor/support/projectMng/edit.do?idx=2031,2026-09-13T13:56:19+09:00,진로,모집종료,[한국철도공사] 2026년 하반기 한국철도공사 신입채용,서울 외 (14),2026-08-18 ~ 2026-08-21,2026-08-18,2026-08-21,False,,,,,(주)매일경제신문사,,,120,"[""청년 대상""]",,[],[],False
1.0,jaripon,2055,https://jaripon.ncrc.or.kr/home/kor/support/projectMng/edit.do?idx=2055,2026-09-13T13:56:09+09:00,진로,모집종료,2026년 한국농수산식품유통공사 4차 기간제 근로자 채,경기 외 (3),2026-08-14 ~ 2026-08-31,2026-08-14,2026-08-31,False,,,,,한국농수산식품유통공사,,,85,"[""자립준비청년 우대""]",,[],[],False
1.0,jaripon,2042,https://jaripon.ncrc.or.kr/home/kor/support/projectMng/edit.do?idx=2042,2026-09-13T13:56:11+09:00,진로,모집종료,2026 버거킹 자립준비청년 성장 지원 프로그램,전국,2026-08-14 ~ 2026-09-04,2026-08-14,2026-09-04,False,,,,,BKR,,,899,"[""자립준비청년우대""]",,[],[],False
1.0,jaripon,2008,https://jaripon.ncrc.or.kr/home/kor/support/projectMng/edit.do?idx=2008,2026-09-13T13:56:21+09:00,진로,모집중,"[농정원] 농업으로의 자립 진로, 농업일자리 체험교육",전국,2026-08-13 ~ 2026-11-06,2026-08-13,2026-11-06,False,,,,,(주)팜러닝,,,249,"[""자립준비청년 대상""]",,[],[],False
1.0,jaripon,2034,https://jaripon.ncrc.or.kr/home/kor/support/projectMng/edit.do?idx=2034,2026-09-13T13:56:19+09:00,진로,모집종료,2026년도 한국산업안전보건공단 하반기 채용공고,전국,2026-08-12 ~ 2026-08-24,2026-08-12,2026-08-24,False,,,,,한국산업안전보건공단,,,300,"[""자립준비청년 우대""]",,[],[],False
1.0,jaripon,2035,https://jaripon.ncrc.or.kr/home/kor/support/projectMng/edit.do?idx=2035,2026-09-13T13:56:19+09:00,진로,모집종료,리턴 투 워크-마인드카페와 함께하는 한걸음 챌린지_3기,전국,2026-08-11 ~ 2026-09-04,2026-08-11,2026-09-04,False,,,,,서울현대교육재단,,,1106,"[""자립준비청년 우대""]",,[],[],False
1.0,jaripon,2039,https://jaripon.ncrc.or.kr/home/kor/support/projectMng/edit.do?idx=2039,2026-09-13T13:56:19+09:00,진로,모집종료,2026년 제2차 제주관광공사 청년인턴(체험형) 채용,제주,2026-08-10 ~ 2026-08-20,2026-08-10,2026-08-20,False,,,,,제주관광공사,,,179,"[""청년대상""]",,[],[],False
1.0,jaripon,2023,https://jaripon.ncrc.or.kr/home/kor/support/projectMng/edit.do?idx=2023,2026-09-13T13:56:20+09:00,진로,모집종료,[Develop Career] 생성형 AI 활용 교육,세종 외 (2),2026-08-05 ~ 2026-09-06,2026-08-05,2026-09-06,False,,,,,한국표준협회,,,228,[],,[],[],False
1.0,jaripon,2017,https://jaripon.ncrc.or.kr/home/kor/support/projectMng/edit.do?idx=2017,2026-09-13T13:56:20+09:00,진로,모집종료,AI 활용 교육/ AI를 나만의 비서로 만드는법,전국,2026-08-03 ~ 2026-08-14,2026-08-03,2026-08-14,False,,,,,사단법인 자립준비청년후원회,,,248,[],,[],[],False
1.0,jaripon,2014,https://jaripon.ncrc.or.kr/home/kor/support/projectMng/edit.do?idx=2014,2026-09-13T13:56:21+09:00,진로,모집종료,LX Z:IN 인테리어 시공 협력기사 모집(4차),서울 외 (15),2026-08-03 ~ 2026-08-17,2026-08-03,2026-08-17,False,,,,,LX하우시스,,,156,"[""자립준비청년"", ""청년 대상""]",,[],[],False
1.0,jaripon,2019,https://jaripon.ncrc.or.kr/home/kor/support/projectMng/edit.do?idx=2019,2026-09-13T13:56:20+09:00,진로,모집종료,26년도 신입직원 채용 공고,전국,2026-07-31 ~ 2026-08-20,2026-07-31,2026-08-20,False,,,,,한국주택금융공사,,,323,"[""자립준비청년 우대""]",,[],[],False
1.0,jaripon,2018,https://jaripon.ncrc.or.kr/home/kor/support/projectMng/edit.do?idx=2018,2026-09-13T13:56:20+09:00,진로,모집종료,5차 고용노동부 일경험 인턴 모집(~8/9),서울 외 (3),2026-07-31 ~ 2026-08-09,2026-07-31,2026-08-09,False,,,,,한국계량측정협회,,,229,"[""자립준비청년 대상""]",,[],[],False
1.0,jaripon,2013,https://jaripon.ncrc.or.kr/home/kor/support/projectMng/edit.do?idx=2013,2026-09-13T13:56:21+09:00,진로,모집종료,2026년 고졸 채용형 인턴(7급) 채용 공고,대구,2026-07-31 ~ 2026-08-14,2026-07-31,2026-08-14,False,,,,,한국가스공사,,,115,"[""청년대상""]",,[],[],False
1.0,jaripon,2012,https://jaripon.ncrc.or.kr/home/kor/support/projectMng/edit.do?idx=2012,2026-09-13T13:56:21+09:00,진로,모집종료,사회복지 해외연수 프로그램 참여자 모집,충남,2026-07-29 ~ 2026-08-14,2026-07-29,2026-08-14,False,,,,,충남아동자립지원전담기관,,,278,[],,[],[],False
1.0,jaripon,1988,https://jaripon.ncrc.or.kr/home/kor/support/projectMng/edit.do?idx=1988,2026-09-13T13:56:28+09:00,진로,모집종료,2026년 제2회 인천교통공사 버스운전원 채용 공고,인천,2026-07-29 ~ 2026-08-12,2026-07-29,2026-08-12,False,,,,,인천교통공사,,,209,"[""자립준비청년 대상""]",,[],[],False
1.0,jaripon,1987,https://jaripon.ncrc.or.kr/home/kor/support/projectMng/edit.do?idx=1987,2026-09-13T13:56:28+09:00,진로,모집종료,2026년 제2회 인천교통공사 공무직 채용 공고,인천,2026-07-29 ~ 2026-08-12,2026-07-29,2026-08-12,False,,,,,인천교통공사,,,263,"[""자립준비청년 대상""]",,[],[],False
1.0,jaripon,1997,https://jaripon.ncrc.or.kr/home/kor/support/projectMng/edit.do?idx=1997,2026-09-13T13:56:27+09:00,진로,모집종료,*한국농수산식품유통공사 미래내일 일경험 청년인턴 모집*,전국,2026-07-28 ~ 2026-08-06,2026-07-28,2026-08-06,False,,,,,(사)ESG노동사회협회,,,257,"[""자립준비청년우대""]",,[],[],False
1.0,jaripon,2009,https://jaripon.ncrc.or.kr/home/kor/support/projectMng/edit.do?idx=2009,2026-09-13T13:56:21+09:00,진로,모집종료,2026년 제2차 본사(지사) 기간제사원 채용,서울 외 (2),2026-07-27 ~ 2026-08-10,2026-07-27,2026-08-10,False,,,,,코레일테크,,,251,"[""자립준비청년 우대""]",,[],[],False
1.0,jaripon,1999,https://jaripon.ncrc.or.kr/home/kor/support/projectMng/edit.do?idx=1999,2026-09-13T13:56:27+09:00,진로,모집종료,기아대책 행복한나눔_호프온펠로우십 청년인턴 모집,서울,2026-07-27 ~ 2026-08-09,2026-07-27,2026-08-09,False,,,,,행복한나눔,,,382,"[""자립준비청년 대상""]",,[],[],False
1.0,jaripon,1990,https://jaripon.ncrc.or.kr/home/kor/support/projectMng/edit.do?idx=1990,2026-09-13T13:56:27+09:00,진로,모집종료,(전북)AI한바퀴 프로그램 'A.I Plus' 사업안내,전북,2026-07-22 ~ 2026-08-03,2026-07-22,2026-08-03,False,,,,,전북특별자치도자립지원전담기관,,,109,"[""자립준비청년 대상""]",,[],[],False
1.0,jaripon,1996,https://jaripon.ncrc.or.kr/home/kor/support/projectMng/edit.do?idx=1996,2026-09-13T13:56:27+09:00,진로,모집종료,부산·울산·경남 자립준비청년 대상 AI 활용 교육,부산 외 (2),2026-07-20 ~ 2026-08-14,2026-07-20,2026-08-14,False,,,,,(주)엘투플랜,,,71,[],,[],[],False
1.0,jaripon,1980,https://jaripon.ncrc.or.kr/home/kor/support/projectMng/edit.do?idx=1980,2026-09-13T13:56:28+09:00,진로,모집종료,한국콜마 장학금 지원 사업,전국,2026-07-20 ~ 2026-08-02,2026-07-20,2026-08-02,False,,,,,(주)소이프스튜디오,,,1298,[],,[],[],False
1.0,jaripon,1981,https://jaripon.ncrc.or.kr/home/kor/support/projectMng/edit.do?idx=1981,2026-09-13T13:56:28+09:00,진로,모집종료,한국사회보장정보원 2026년도 제3차 직원 채용공고,서울,2026-07-16 ~ 2026-07-30,2026-07-16,2026-07-30,False,,,,,한국사회보장정보원,,,236,"[""청년 대상,"", ""자립준비청년 우대""]",,[],[],False
1.0,jaripon,1985,https://jaripon.ncrc.or.kr/home/kor/support/projectMng/edit.do?idx=1985,2026-09-13T13:56:28+09:00,진로,모집종료,서울올림픽기념국민체육진흥공단 채용형 청년인턴 채용공고,전국,2026-07-14 ~ 2026-07-28,2026-07-14,2026-07-28,False,,,,,서울올림픽기념국민체육진흥공단,,,186,"[""자립준비청년 우대""]",,[],[],False
1.0,jaripon,1978,https://jaripon.ncrc.or.kr/home/kor/support/projectMng/edit.do?idx=1978,2026-09-13T13:56:28+09:00,진로,모집종료,<2026년 1차 내일탐험대 기업방문 : 공항철도(주),전국,2026-07-14 ~ 2026-07-22,2026-07-14,2026-07-22,False,,,,,한국고아사랑협회,,,354,"[""자립준비청년"", ""보호대상아동"", ""청소년보호시설""]",,[],[],False
1.0,jaripon,1977,https://jaripon.ncrc.or.kr/home/kor/support/projectMng/edit.do?idx=1977,2026-09-13T13:56:28+09:00,진로,모집종료,자립준비청년 가드너 양성 교육 프로그램,경기,2026-07-14 ~ 2026-07-30,2026-07-14,2026-07-30,False,,,,,(주)브라더스키퍼,,,465,"[""자립준비청년 대상""]",,[],[],False
1.0,jaripon,1971,https://jaripon.ncrc.or.kr/home/kor/support/projectMng/edit.do?idx=1971,2026-09-13T13:56:29+09:00,진로,모집종료,2026 LIG 커리어 브릿지 캠프,전국,2026-07-13 ~ 2026-07-17,2026-07-13,2026-07-17,False,,,,,사회복지법인월드비전,,,826,[],,[],[],False
1.0,jaripon,1973,https://jaripon.ncrc.or.kr/home/kor/support/projectMng/edit.do?idx=1973,2026-09-13T13:56:29+09:00,진로,모집종료,백엔드 + AI 교육,대구 외 (2),2026-07-10 ~ 2026-07-31,2026-07-10,2026-07-31,False,,,,,한국디지털융합진흥원,,,241,"[""자립준비청년"", ""동북권(경북,대구,강원)""]",,[],[],False
1.0,jaripon,1972,https://jaripon.ncrc.or.kr/home/kor/support/projectMng/edit.do?idx=1972,2026-09-13T13:56:29+09:00,진로,모집종료,[Develop Career] 생성형 AI 활용 교육,세종,2026-07-10 ~ 2026-07-19,2026-07-10,2026-07-19,False,,,,,한국표준협회,,,260,[],,[],[],False
1.0,jaripon,1970,https://jaripon.ncrc.or.kr/home/kor/support/projectMng/edit.do?idx=1970,2026-09-13T13:56:29+09:00,진로,모집종료,2026 자립준비청년 찾아가는 채용설명회 및 기업탐방,전국,2026-07-09 ~ 2026-07-16,2026-07-09,2026-07-16,False,,,,,인천국제공항공사,,,429,"[""자립준비청년 대상""]",,[],[],False
1.0,jaripon,1958,https://jaripon.ncrc.or.kr/home/kor/support/projectMng/edit.do?idx=1958,2026-09-13T13:56:32+09:00,진로,모집종료,국토교통과학기술진흥원 2026년 제2차 인재채용[NCS,경기,2026-07-09 ~ 2026-07-20,2026-07-09,2026-07-20,False,,,,,인바스켓,,,194,"[""자립준비청년 우대""]",,[],[],False
1.0,jaripon,1960,https://jaripon.ncrc.or.kr/home/kor/support/projectMng/edit.do?idx=1960,2026-09-13T13:56:32+09:00,진로,모집종료,리턴 투 워크-마인드카페와 함께하는 한걸음 챌린지_2기,전국,2026-07-03 ~ 2026-07-31,2026-07-03,2026-07-31,False,,,,,서울현대교육재단,,,1097,"[""자립준비청년 우대""]",,[],[],False
1.0,jaripon,1961,https://jaripon.ncrc.or.kr/home/kor/support/projectMng/edit.do?idx=1961,2026-09-13T13:56:32+09:00,진로,모집종료,"2026년 대한적십자사 '자립시, 꽃길로' 안내",전국,2026-07-02 ~ 2026-07-13,2026-07-02,2026-07-13,False,,,,,대한적십자사,,,1505,"[""자립준비청년 대상""]",,[],[],False
1.0,jaripon,1959,https://jaripon.ncrc.or.kr/home/kor/support/projectMng/edit.do?idx=1959,2026-09-13T13:56:32+09:00,진로,모집종료,캐릭터 콘텐츠 창작 교육과정 해외연수 참여자 모집,충남,2026-07-02 ~ 2026-07-15,2026-07-02,2026-07-15,False,,,,,충남아동자립지원전담기관,,,247,[],,[],[],False
1.0,jaripon,1955,https://jaripon.ncrc.or.kr/home/kor/support/projectMng/edit.do?idx=1955,2026-09-13T13:56:32+09:00,진로,모집종료,한국재정정보원 제4차 채용(체험형 청년인턴),서울 외 (6),2026-07-01 ~ 2026-07-15,2026-07-01,2026-07-15,False,,,,,한국재정정보원,,,189,"[""자립준비청년 우대""]",,[],[],False
1.0,jaripon,1946,https://jaripon.ncrc.or.kr/home/kor/support/projectMng/edit.do?idx=1946,2026-09-13T13:56:35+09:00,진로,모집종료,2026 희망디딤돌 미술관,충남,2026-06-30 ~ 2026-07-05,2026-06-30,2026-07-05,False,,,,,충남아동자립지원전담기관,,,155,"[""자립준비청년 대상""]",,[],[],False
1.0,jaripon,1942,https://jaripon.ncrc.or.kr/home/kor/support/projectMng/edit.do?idx=1942,2026-09-13T13:56:35+09:00,진로,모집종료,함께성장교육 성장일터 청년반 모집,서울 외 (1),2026-06-26 ~ 2026-07-31,2026-06-26,2026-07-31,False,,,,,사회적협동조합 함께성장교육,,,322,"[""자립준비청년 대상""]",,[],[],False
1.0,jaripon,1939,https://jaripon.ncrc.or.kr/home/kor/support/projectMng/edit.do?idx=1939,2026-09-13T13:56:37+09:00,진로,모집종료,2026 디지털 진로지원 디벨롭 인턴십 프로그램,서울 외 (13),2026-06-25 ~ 2026-07-09,2026-06-25,2026-07-09,False,,,,,(재)함께일하는재단,,,449,"[""자립준비청년 대상""]",,[],[],False
1.0,jaripon,1945,https://jaripon.ncrc.or.kr/home/kor/support/projectMng/edit.do?idx=1945,2026-09-13T13:56:35+09:00,진로,모집종료,2026년 KOTRA 행정직 채용,서울,2026-06-24 ~ 2026-07-10,2026-06-24,2026-07-10,False,,,,,대한무역투자진흥공사,,,221,[],,[],[],False
1.0,jaripon,1935,https://jaripon.ncrc.or.kr/home/kor/support/projectMng/edit.do?idx=1935,2026-09-13T13:56:37+09:00,진로,모집종료,2026년 여름방학 단기자립체험 참여자 모집,경기,2026-06-23 ~ 2026-07-02,2026-06-23,2026-07-02,False,,,,,경기도자립지원전담기관,,,159,"[""보호아동및보호연장아동"", ""단기자립체험""]",,[],[],False
1.0,jaripon,1933,https://jaripon.ncrc.or.kr/home/kor/support/projectMng/edit.do?idx=1933,2026-09-13T13:56:37+09:00,진로,모집종료,2026년도 주택도시보증공사 정규직 채용공고,서울 외 (11),2026-06-23 ~ 2026-07-08,2026-06-23,2026-07-08,False,,,,,주택도시보증공사,,,326,"[""자립준비청년 우대""]",,[],[],False
1.0,jaripon,1930,https://jaripon.ncrc.or.kr/home/kor/support/projectMng/edit.do?idx=1930,2026-09-13T13:56:37+09:00,진로,모집중,미래성장지원사업 '함께서기-WITH' 모집,전북,2026-06-23 ~ 2026-11-30,2026-06-23,2026-11-30,False,,,,,전북특별자치도자립지원전담기관,,,342,"[""자립준비청년 대상""]",,[],[],False
1.0,jaripon,1943,https://jaripon.ncrc.or.kr/home/kor/support/projectMng/edit.do?idx=1943,2026-09-13T13:56:35+09:00,진로,모집종료,2026년 행복성장캠퍼스,전국,2026-06-22 ~ 2026-07-10,2026-06-22,2026-07-10,False,,,,,재단법인 청소년그루터기재단,,,605,"[""자립준비청년 대상""]",,[],[],False
1.0,jaripon,1932,https://jaripon.ncrc.or.kr/home/kor/support/projectMng/edit.do?idx=1932,2026-09-13T13:56:37+09:00,진로,모집종료,2026년 취업역량강화지원사업 2기 참여자 모집,경기,2026-06-22 ~ 2026-07-12,2026-06-22,2026-07-12,False,,,,,경기도자립지원전담기관,,,301,"[""경기도자립지원전담기관"", ""자립준비청년"", ""느린학습자"", ""경계선지능"", ""취업역량강화지원사업"", ""취업준비"", ""취업컨설팅"", ""취업교육"", ""자립지원"", ""청년지원""]",,[],[],False
1.0,jaripon,1927,https://jaripon.ncrc.or.kr/home/kor/support/projectMng/edit.do?idx=1927,2026-09-13T13:56:38+09:00,진로,모집종료,대전교통공사 2026년 체험형 청년 인턴 채용 공고,대전,2026-06-22 ~ 2026-07-13,2026-06-22,2026-07-13,False,,,,,대전교통공사,,,59,"[""자립준비청년 대상""]",,[],[],False
1.0,jaripon,1926,https://jaripon.ncrc.or.kr/home/kor/support/projectMng/edit.do?idx=1926,2026-09-13T13:56:38+09:00,진로,모집종료,LX Z:IN 인테리어 창호 시공 협력기사 모집(3차),서울 외 (9),2026-06-22 ~ 2026-07-05,2026-06-22,2026-07-05,False,,,,,LX하우시스,,,215,"[""자립준비청년"", ""청년 대상""]",,[],[],False
1.0,jaripon,1925,https://jaripon.ncrc.or.kr/home/kor/support/projectMng/edit.do?idx=1925,2026-09-13T13:56:38+09:00,진로,모집종료,보호(연장)아동 자격증 취득·학습비 지원사업 모집안내,전북,2026-06-22 ~ 2026-07-22,2026-06-22,2026-07-22,False,,,,,전북특별자치도자립지원전담기관,,,256,"[""보호아동 및 보호연장아동 대상""]",,[],[],False
1.0,jaripon,1923,https://jaripon.ncrc.or.kr/home/kor/support/projectMng/edit.do?idx=1923,2026-09-13T13:56:38+09:00,진로,모집종료,청소년행복재단 행배(행복배달) 크루 1기 참여,서울 외 (1),2026-06-19 ~ 2026-06-30,2026-06-19,2026-06-30,False,,,,,청소년행복재단,,,337,"[""자립준비청년"", ""가정외보호경험청소년"", ""청소년행복재단""]",,[],[],False
1.0,jaripon,1922,https://jaripon.ncrc.or.kr/home/kor/support/projectMng/edit.do?idx=1922,2026-09-13T13:56:38+09:00,진로,모집종료,(주)한솔케미칼울산공장 생산기술직 인턴사원 채용,울산,2026-06-19 ~ 2026-06-30,2026-06-19,2026-06-30,False,,,,,(주)한솔케미칼,,,156,"[""자립준비청년 대상 채용""]",,[],[],False
1.0,jaripon,1934,https://jaripon.ncrc.or.kr/home/kor/support/projectMng/edit.do?idx=1934,2026-09-13T13:56:37+09:00,진로,모집종료,2026년 한국농수산식품유통공사 3차 기간제근로자 채용,대구 외 (2),2026-06-17 ~ 2026-07-02,2026-06-17,2026-07-02,False,,,,,한국농수산식품유통공사,,,98,"[""자립준비청년우대""]",,[],[],False
1.0,jaripon,1914,https://jaripon.ncrc.or.kr/home/kor/support/projectMng/edit.do?idx=1914,2026-09-13T13:56:40+09:00,진로,모집종료,자립준비청년 성장지원사업 'RISE 청년 스타트' 모집,전북,2026-06-17 ~ 2026-06-30,2026-06-17,2026-06-30,False,,,,,전북특별자치도자립지원전담기관,,,420,"[""자립준비청년 대상""]",,[],[],False
1.0,jaripon,1911,https://jaripon.ncrc.or.kr/home/kor/support/projectMng/edit.do?idx=1911,2026-09-13T13:56:40+09:00,진로,모집종료,2026년 자립준비청년 AI 활용 교육과정,부산 외 (2),2026-06-17 ~ 2026-07-17,2026-06-17,2026-07-17,False,,,,,(재)부산정보산업진흥원,,,253,[],,[],[],False
1.0,jaripon,1949,https://jaripon.ncrc.or.kr/home/kor/support/projectMng/edit.do?idx=1949,2026-09-13T13:56:35+09:00,진로,모집종료,2026 서울시 청년인생설계학교 2기 참여자 모집,서울,2026-06-15 ~ 2026-07-06,2026-06-15,2026-07-06,False,,,,,서울특별시,,,226,"[""자립준비청년 우대""]",,[],[],False
1.0,jaripon,1931,https://jaripon.ncrc.or.kr/home/kor/support/projectMng/edit.do?idx=1931,2026-09-13T13:56:37+09:00,진로,모집종료,"자립준비청년, 시설청소년 지원사업 『런런 FS 3기』",전국,2026-06-15 ~ 2026-06-28,2026-06-15,2026-06-28,False,,,,,홀트아동복지회,,,227,"[""자립준비청년"", ""청년""]",,[],[],False
1.0,jaripon,1921,https://jaripon.ncrc.or.kr/home/kor/support/projectMng/edit.do?idx=1921,2026-09-13T13:56:38+09:00,진로,모집종료,<초록우산 취업플랫폼>외식업 프랜차이즈 창업지원사업,경기,2026-06-15 ~ 2026-06-28,2026-06-15,2026-06-28,False,,,,,초록우산경기1지역본부,,,288,"[""자립준비청년 대상""]",,[],[],False
1.0,jaripon,1920,https://jaripon.ncrc.or.kr/home/kor/support/projectMng/edit.do?idx=1920,2026-09-13T13:56:38+09:00,진로,모집종료,4차 고용노동부 일경험 인턴 모집(~6/21),서울 외 (6),2026-06-15 ~ 2026-06-21,2026-06-15,2026-06-21,False,,,,,한국계량측정협회,,,220,"[""자립준비청년 대상""]",,[],[],False
1.0,jaripon,1916,https://jaripon.ncrc.or.kr/home/kor/support/projectMng/edit.do?idx=1916,2026-09-13T13:56:38+09:00,진로,모집종료,2026년 제2차 체험형 청년인턴 채용공고,전국,2026-06-15 ~ 2026-06-29,2026-06-15,2026-06-29,False,,,,,한국수목원정원관리원,,,242,"[""자립준비청년 대상""]",,[],[],False
1.0,jaripon,1912,https://jaripon.ncrc.or.kr/home/kor/support/projectMng/edit.do?idx=1912,2026-09-13T13:56:40+09:00,진로,모집종료,자립준비청년 디지털 진로지원 사업 기초&기술교육 모집,전국,2026-06-15 ~ 2026-07-10,2026-06-15,2026-07-10,False,,,,,CJ올리브네트웍스,,,498,"[""자립준비청년 대상""]",,[],[],False
1.0,jaripon,1903,https://jaripon.ncrc.or.kr/home/kor/support/projectMng/edit.do?idx=1903,2026-09-13T13:56:40+09:00,진로,모집종료,[제한채용]주택도시보증공사 체험형 청년인턴 채용 공고,서울 외 (10),2026-06-08 ~ 2026-06-22,2026-06-08,2026-06-22,False,,,,,주택도시보증공사,,,308,"[""자립준비청년 우대""]",,[],[],False
1.0,jaripon,1905,https://jaripon.ncrc.or.kr/home/kor/support/projectMng/edit.do?idx=1905,2026-09-13T13:56:40+09:00,진로,모집종료,[대한체육회] 2026 하반기 체험형 청년인턴 채용공고,전국,2026-06-05 ~ 2026-06-16,2026-06-05,2026-06-16,False,,,,,대한체육회,,,500,"[""자립준비청년 대상""]",,[],[],False
1.0,jaripon,1897,https://jaripon.ncrc.or.kr/home/kor/support/projectMng/edit.do?idx=1897,2026-09-13T13:56:44+09:00,진로,모집종료,[한국서부발전] 2026년도 1차 체험형 인턴 모집,전국,2026-06-04 ~ 2026-06-18,2026-06-04,2026-06-18,False,,,,,(주)매일경제신문사,,,292,"[""자립준비청년 대상""]",,[],[],False
1.0,jaripon,1893,https://jaripon.ncrc.or.kr/home/kor/support/projectMng/edit.do?idx=1893,2026-09-13T13:56:44+09:00,진로,모집종료,[Develop Career] 생성형 AI 활용 교육,세종 외 (2),2026-06-04 ~ 2026-07-10,2026-06-04,2026-07-10,False,,,,,한국표준협회,,,313,"[""쉬었음청년,"", ""자립준비청년"", ""경력보유여성""]",,[],[],False
1.0,jaripon,1896,https://jaripon.ncrc.or.kr/home/kor/support/projectMng/edit.do?idx=1896,2026-09-13T13:56:44+09:00,진로,모집종료,2026년 하반기 해양환경공단 직원 채용,전국,2026-06-01 ~ 2026-06-15,2026-06-01,2026-06-15,False,,,,,해양환경공단,,,462,[],,[],[],False
1.0,jaripon,1883,https://jaripon.ncrc.or.kr/home/kor/support/projectMng/edit.do?idx=1883,2026-09-13T13:56:45+09:00,진로,모집종료,[한국인터넷진흥원] 케이쉴드 주니어 17기 모집,전국,2026-06-01 ~ 2026-07-06,2026-06-01,2026-07-06,False,,,,,한국정보보호교육센터,,,544,"[""청년 대상"", ""취업지원교육"", ""한국인터넷진흥원""]",,[],[],False
1.0,jaripon,1880,https://jaripon.ncrc.or.kr/home/kor/support/projectMng/edit.do?idx=1880,2026-09-13T13:56:45+09:00,진로,모집종료,자립준비청년 디지털 맞춤 교육,전국,2026-05-27 ~ 2026-06-22,2026-05-27,2026-06-22,False,,,,,한국디지털융합진흥원,,,550,"[""자립준비청년 대상""]",,[],[],False
1.0,jaripon,1907,https://jaripon.ncrc.or.kr/home/kor/support/projectMng/edit.do?idx=1907,2026-09-13T13:56:40+09:00,진로,모집종료,리턴 투 워크-마인드카페와 함께하는 한걸음 챌린지_1기,전국,2026-05-20 ~ 2026-06-24,2026-05-20,2026-06-24,False,,,,,서울현대교육재단,,,1170,"[""자립준비청년 우대""]",,[],[],False
1.0,jaripon,1878,https://jaripon.ncrc.or.kr/home/kor/support/projectMng/edit.do?idx=1878,2026-09-13T13:56:45+09:00,진로,모집종료,2026 삼성희망디딤돌 예비자립준비청년 진로코칭워크샵,서울 외 (2),2026-05-20 ~ 2026-07-10,2026-05-20,2026-07-10,False,,,,,사회복지법인월드비전,,,581,"[""예비자립준비청년 진로코칭""]",,[],[],False
1.0,jaripon,1873,https://jaripon.ncrc.or.kr/home/kor/support/projectMng/edit.do?idx=1873,2026-09-13T13:56:47+09:00,진로,모집종료,생성형 AI 활용 교육 Develop Career,세종 외 (2),2026-05-12 ~ 2026-07-10,2026-05-12,2026-07-10,False,,,,,한국표준협회,,,287,[],,[],[],False
1.0,jaripon,1850,https://jaripon.ncrc.or.kr/home/kor/support/projectMng/edit.do?idx=1850,2026-09-13T13:56:52+09:00,진로,모집종료,2026 위이어 가을 서핑학교 참가자 모집,전국,2026-05-12 ~ 2026-07-31,2026-05-12,2026-07-31,False,,,,,위이어사회적협동조합,,,408,"[""자립준비청년 대상""]",,[],[],False
1.0,jaripon,1849,https://jaripon.ncrc.or.kr/home/kor/support/projectMng/edit.do?idx=1849,2026-09-13T13:56:52+09:00,진로,모집종료,2026 위이어 목공예 학교 in 경북,전국,2026-05-12 ~ 2026-07-31,2026-05-12,2026-07-31,False,,,,,위이어사회적협동조합,,,321,"[""자립준비청년 대상""]",,[],[],False
1.0,jaripon,1848,https://jaripon.ncrc.or.kr/home/kor/support/projectMng/edit.do?idx=1848,2026-09-13T13:56:52+09:00,진로,모집종료,2026 위이어 스쿠버 학교 참가자 모집,전국,2026-05-12 ~ 2026-07-31,2026-05-12,2026-07-31,False,,,,,위이어사회적협동조합,,,335,"[""자립준비청년 대상""]",,[],[],False
1.0,jaripon,1884,https://jaripon.ncrc.or.kr/home/kor/support/projectMng/edit.do?idx=1884,2026-09-13T13:56:45+09:00,진로,모집종료,자립청년 성장지원 프로젝트 <청년사장 루키즈 ON>,서울 외 (2),2026-05-01 ~ 2026-06-20,2026-05-01,2026-06-20,False,,,,,협동조합 굿스니저,,,825,"[""자립준비청년 대상""]",,[],[],False
1.0,jaripon,1816,https://jaripon.ncrc.or.kr/home/kor/support/projectMng/edit.do?idx=1816,2026-09-13T13:56:56+09:00,진로,모집중,보호연장아동 자립지원프로그램 사업 신청 안내,전북,2026-04-28 ~ 2026-09-30,2026-04-28,2026-09-30,False,,,,,전북특별자치도자립지원전담기관,,,268,"[""보호연장아동 대상""]",,[],[],False
1.0,jaripon,2051,https://jaripon.ncrc.or.kr/home/kor/support/projectMng/edit.do?idx=2051,2026-09-13T13:56:11+09:00,진로,모집중,(경상북도자립지원전담기관)희망드림멘토단 멘토링 지원사업,경북,상시 모집,,,True,,,,,경상북도자립지원전담기관,,,92,"[""자립준비청년 대상""]",,[],[],False
1.0,jaripon,2045,https://jaripon.ncrc.or.kr/home/kor/support/projectMng/edit.do?idx=2045,2026-09-13T13:56:11+09:00,진로,,자립청년대상 실리콘 무료교육 프로그램,전국,상시 모집,,,True,,,,,베스트코킹,,,298,"[""자립준비청년 대상""]",,[],[],False
1.0,jaripon,1938,https://jaripon.ncrc.or.kr/home/kor/support/projectMng/edit.do?idx=1938,2026-09-13T13:56:37+09:00,진로,,(주)금화 천안 물류센터 현장직 신입사원 채용,충남,상시 모집,,,True,,,,,(주)금화,,,187,"[""자립준비청년 대상""]",,[],[],False
1.0,jaripon,1846,https://jaripon.ncrc.or.kr/home/kor/support/projectMng/edit.do?idx=1846,2026-09-13T13:56:52+09:00,진로,모집종료,하남시 청년도전지원사업,경기,상시 모집,,,True,,,,,(사)한국고용서비스진흥원 하남,,,446,[],,[],[],False
1.0,jaripon,1841,https://jaripon.ncrc.or.kr/home/kor/support/projectMng/edit.do?idx=1841,2026-09-13T13:56:52+09:00,진로,,기업인력애로센터 일자리매칭플랫폼,전국,상시 모집,,,True,,,,,중소벤처기업진흥공단,,,331,[],,[],[],False
